{"ITUB4": 0.01643185383369028, "BBDC4": 0.00466318094905338, "VALE3": -0.009190926659840226, "PETR4": 0.0031534740609950873, "PETR3": 0.008077544227377165, "ABEV3": 0.0019417303133687502, "BBAS3": 0.0037982978757035157, "B3SA3": -0.005415200363704464, "ITSA4": 0.011074134081121012, "CRFB3": -0.02211795723985177, "CIEL3": -0.02242150308907087, "EMBR3": -0.016380000707640452, "JBSS3": 0.0026280808443143178, "MGLU3": -0.06804727007914657, "PCAR3": 0.003210995287798779, "SANB11": 0.008552639215276603, "SULA11": -0.06695209332807384}